{
    "name": "root",
    "gauges": {
        "Player.Policy.Entropy.mean": {
            "value": 5.028826713562012,
            "min": 1.8370052576065063,
            "max": 5.028826713562012,
            "count": 5
        },
        "Player.Policy.Entropy.sum": {
            "value": 50303.3515625,
            "min": 18460.06640625,
            "max": 50303.3515625,
            "count": 5
        },
        "Player.Environment.EpisodeLength.mean": {
            "value": 78.77165354330708,
            "min": 21.58202247191011,
            "max": 97.88,
            "count": 5
        },
        "Player.Environment.EpisodeLength.sum": {
            "value": 10004.0,
            "min": 9604.0,
            "max": 10004.0,
            "count": 5
        },
        "Player.Step.mean": {
            "value": 49958.0,
            "min": 9995.0,
            "max": 49958.0,
            "count": 5
        },
        "Player.Step.sum": {
            "value": 49958.0,
            "min": 9995.0,
            "max": 49958.0,
            "count": 5
        },
        "Player.Policy.ExtrinsicValueEstimate.mean": {
            "value": -0.13632206618785858,
            "min": -0.7135880589485168,
            "max": -0.06046389788389206,
            "count": 5
        },
        "Player.Policy.ExtrinsicValueEstimate.sum": {
            "value": -32.30833053588867,
            "min": -334.67279052734375,
            "max": -13.422985076904297,
            "count": 5
        },
        "Player.Environment.CumulativeReward.mean": {
            "value": -0.35905510961540105,
            "min": -0.8882882926646654,
            "max": -0.18199998557567595,
            "count": 5
        },
        "Player.Environment.CumulativeReward.sum": {
            "value": -45.59999892115593,
            "min": -394.4000019431114,
            "max": -18.199998557567596,
            "count": 5
        },
        "Player.Policy.ExtrinsicReward.mean": {
            "value": -0.35905510961540105,
            "min": -0.8882882926646654,
            "max": -0.18199998557567595,
            "count": 5
        },
        "Player.Policy.ExtrinsicReward.sum": {
            "value": -45.59999892115593,
            "min": -394.4000019431114,
            "max": -18.199998557567596,
            "count": 5
        },
        "Player.Losses.PolicyLoss.mean": {
            "value": 0.2509163794048377,
            "min": 0.23801071271473456,
            "max": 0.2509163794048377,
            "count": 5
        },
        "Player.Losses.PolicyLoss.sum": {
            "value": 19.571477593577338,
            "min": 18.32682487903456,
            "max": 20.37571276563623,
            "count": 5
        },
        "Player.Losses.ValueLoss.mean": {
            "value": 0.12732913665623866,
            "min": 0.05233293668556928,
            "max": 0.12732913665623866,
            "count": 5
        },
        "Player.Losses.ValueLoss.sum": {
            "value": 9.931672659186615,
            "min": 4.4482996182733885,
            "max": 9.931672659186615,
            "count": 5
        },
        "Player.Policy.LearningRate.mean": {
            "value": 0.0002729773474690923,
            "min": 0.0002729773474690923,
            "max": 0.00029702566687379763,
            "count": 5
        },
        "Player.Policy.LearningRate.sum": {
            "value": 0.021292233102589198,
            "min": 0.021292233102589198,
            "max": 0.0252471816842728,
            "count": 5
        },
        "Player.Policy.Epsilon.mean": {
            "value": 0.19099244615384617,
            "min": 0.19099244615384617,
            "max": 0.19900855529411768,
            "count": 5
        },
        "Player.Policy.Epsilon.sum": {
            "value": 14.897410800000001,
            "min": 14.897410800000001,
            "max": 16.915727200000003,
            "count": 5
        },
        "Player.Policy.Beta.mean": {
            "value": 1.0,
            "min": 1.0,
            "max": 1.0,
            "count": 5
        },
        "Player.Policy.Beta.sum": {
            "value": 78.0,
            "min": 77.0,
            "max": 85.0,
            "count": 5
        },
        "Player.IsTraining.mean": {
            "value": 1.0,
            "min": 1.0,
            "max": 1.0,
            "count": 5
        },
        "Player.IsTraining.sum": {
            "value": 1.0,
            "min": 1.0,
            "max": 1.0,
            "count": 5
        }
    },
    "metadata": {
        "timer_format_version": "0.1.0",
        "start_time_seconds": "1651764296",
        "python_version": "3.9.7 (default, Sep 16 2021, 16:59:28) [MSC v.1916 64 bit (AMD64)]",
        "command_line_arguments": "C:\\Users\\sieme\\anaconda3\\envs\\unity_rl\\Scripts\\mlagents-learn config/Player.yaml --run-id=Player --force",
        "mlagents_version": "0.28.0",
        "mlagents_envs_version": "0.28.0",
        "communication_protocol_version": "1.5.0",
        "pytorch_version": "1.11.0",
        "numpy_version": "1.21.5",
        "end_time_seconds": "1651765471"
    },
    "total": 1174.4020937999999,
    "count": 1,
    "self": 0.009033799999770054,
    "children": {
        "run_training.setup": {
            "total": 0.11651849999999997,
            "count": 1,
            "self": 0.11651849999999997
        },
        "TrainerController.start_learning": {
            "total": 1174.2765415000001,
            "count": 1,
            "self": 1.3928964999925029,
            "children": {
                "TrainerController._reset_env": {
                    "total": 14.625169199999998,
                    "count": 1,
                    "self": 14.625169199999998
                },
                "TrainerController.advance": {
                    "total": 1158.1302954000075,
                    "count": 53625,
                    "self": 1.3742990000214377,
                    "children": {
                        "env_step": {
                            "total": 888.5933687000138,
                            "count": 53625,
                            "self": 639.9358109999994,
                            "children": {
                                "SubprocessEnvManager._take_step": {
                                    "total": 247.76934510000572,
                                    "count": 53625,
                                    "self": 4.096312799998941,
                                    "children": {
                                        "TorchPolicy.evaluate": {
                                            "total": 243.67303230000678,
                                            "count": 52747,
                                            "self": 66.18013840000214,
                                            "children": {
                                                "TorchPolicy.sample_actions": {
                                                    "total": 177.49289390000465,
                                                    "count": 52747,
                                                    "self": 177.49289390000465
                                                }
                                            }
                                        }
                                    }
                                },
                                "workers": {
                                    "total": 0.8882126000086679,
                                    "count": 53624,
                                    "self": 0.0,
                                    "children": {
                                        "worker_root": {
                                            "total": 1158.9708561000116,
                                            "count": 53624,
                                            "is_parallel": true,
                                            "self": 580.9277651000157,