{
    "name": "root",
    "gauges": {
        "Player.Policy.Entropy.mean": {
            "value": 10.005707740783691,
            "min": 6.565871238708496,
            "max": 10.005707740783691,
            "count": 6
        },
        "Player.Policy.Entropy.sum": {
            "value": 99987.0390625,
            "min": 60550.46484375,
            "max": 99987.0390625,
            "count": 6
        },
        "Player.Environment.EpisodeLength.mean": {
            "value": 54.983050847457626,
            "min": 54.983050847457626,
            "max": 59.45783132530121,
            "count": 6
        },
        "Player.Environment.EpisodeLength.sum": {
            "value": 9732.0,
            "min": 9029.0,
            "max": 10000.0,
            "count": 6
        },
        "Player.Step.mean": {
            "value": 119972.0,
            "min": 69983.0,
            "max": 119972.0,
            "count": 6
        },
        "Player.Step.sum": {
            "value": 119972.0,
            "min": 69983.0,
            "max": 119972.0,
            "count": 6
        },
        "Player.Policy.ExtrinsicValueEstimate.mean": {
            "value": -0.3878396451473236,
            "min": -0.4226875901222229,
            "max": -0.3116756081581116,
            "count": 6
        },
        "Player.Policy.ExtrinsicValueEstimate.sum": {
            "value": -99.67478942871094,
            "min": -106.93995666503906,
            "max": -71.68538665771484,
            "count": 6
        },
        "Player.Environment.CumulativeReward.mean": {
            "value": -0.6909604619788585,
            "min": -0.6918128765465921,
            "max": -0.6286549795615045,
            "count": 6
        },
        "Player.Environment.CumulativeReward.sum": {
            "value": -122.30000177025795,
            "min": -122.30000177025795,
            "max": -100.90000170469284,
            "count": 6
        },
        "Player.Policy.ExtrinsicReward.mean": {
            "value": -0.6909604619788585,
            "min": -0.6918128765465921,
            "max": -0.6286549795615045,
            "count": 6
        },
        "Player.Policy.ExtrinsicReward.sum": {
            "value": -122.30000177025795,
            "min": -122.30000177025795,
            "max": -100.90000170469284,
            "count": 6
        },
        "Player.Losses.PolicyLoss.mean": {
            "value": 0.24309472132953194,
            "min": 0.23999593983893802,
            "max": 0.24898477108057193,
            "count": 6
        },
        "Player.Losses.PolicyLoss.sum": {
            "value": 18.96138826370349,
            "min": 17.677918746720607,
            "max": 19.473043898458457,
            "count": 6
        },
        "Player.Losses.ValueLoss.mean": {
            "value": 0.15191010569327817,
            "min": 0.1410453476764033,
            "max": 0.16529250218265323,
            "count": 6
        },
        "Player.Losses.ValueLoss.sum": {
            "value": 11.848988244075699,
            "min": 11.001537118759458,
            "max": 12.636470529421853,
            "count": 6
        },
        "Player.Policy.LearningRate.mean": {
            "value": 0.00023096913070260507,
            "min": 0.00023096913070260507,
            "max": 0.00026077355110365637,
            "count": 6
        },
        "Player.Policy.LearningRate.sum": {
            "value": 0.018015592194803195,
            "min": 0.018015592194803195,
            "max": 0.020173884775372197,
            "count": 6
        },
        "Player.Policy.Epsilon.mean": {
            "value": 0.1769897025641026,
            "min": 0.1769897025641026,
            "max": 0.18692451267605636,
            "count": 6
        },
        "Player.Policy.Epsilon.sum": {
            "value": 13.805196800000003,
            "min": 13.271640400000003,
            "max": 14.8246278,
            "count": 6
        },
        "Player.Policy.Beta.mean": {
            "value": 1.0,
            "min": 1.0,
            "max": 1.0,
            "count": 6
        },
        "Player.Policy.Beta.sum": {
            "value": 78.0,
            "min": 71.0,
            "max": 81.0,
            "count": 6
        },
        "Player.IsTraining.mean": {
            "value": 1.0,
            "min": 1.0,
            "max": 1.0,
            "count": 6
        },
        "Player.IsTraining.sum": {
            "value": 1.0,
            "min": 1.0,
            "max": 1.0,
            "count": 6
        }
    },
    "metadata": {
        "timer_format_version": "0.1.0",
        "start_time_seconds": "1650892780",
        "python_version": "3.9.7 (default, Sep 16 2021, 16:59:28) [MSC v.1916 64 bit (AMD64)]",
        "command_line_arguments": "C:\\Users\\sieme\\anaconda3\\envs\\unity_rl\\Scripts\\mlagents-learn config/Player.yaml --run-id=Player --resume",
        "mlagents_version": "0.28.0",
        "mlagents_envs_version": "0.28.0",
        "communication_protocol_version": "1.5.0",
        "pytorch_version": "1.11.0",
        "numpy_version": "1.21.5",
        "end_time_seconds": "1650893283"
    },
    "total": 503.5388012,
    "count": 1,
    "self": 0.007769100000018625,
    "children": {
        "run_training.setup": {
            "total": 0.11567109999999992,
            "count": 1,
            "self": 0.11567109999999992
        },
        "TrainerController.start_learning": {
            "total": 503.415361,
            "count": 1,
            "self": 0.5021410999990508,
            "children": {
                "TrainerController._reset_env": {
                    "total": 7.8027872,
                    "count": 1,
                    "self": 7.8027872
                },
                "TrainerController.advance": {
                    "total": 494.966617500001,
                    "count": 23982,
                    "self": 0.5081056000020681,
                    "children": {
                        "env_step": {
                            "total": 229.02768510000115,
                            "count": 23982,
                            "self": 144.9772993000019,
                            "children": {
                                "SubprocessEnvManager._take_step": {
                                    "total": 83.72847349999947,
                                    "count": 23982,
                                    "self": 1.366311800002677,
                                    "children": {
                                        "TorchPolicy.evaluate": {
                                            "total": 82.36216169999679,
                                            "count": 22984,
                                            "self": 22.922697399999024,
                                            "children": {
                                                "TorchPolicy.sample_actions": {
                                                    "total": 59.439464299997766,
                                                    "count": 22984,
                                                    "self": 59.439464299997766
                                                }
                                            }
                                        }
                                    }
                                },
                                "workers": {
                                    "total": 0.32191229999978965,
                                    "count": 23981,
                                    "self": 0.0,
                                    "children": {
                                        "worker_root": {
                                            "total": 485.05896980000387,
                                            "count": 23981,
                                            "is_parallel": true,
                                            "self": 375.47109980000323,